An Abundance of Katherines,£10.0,Five
The Origin of Species,£10.01,Four
Greek Mythic History,£10.23,Five
History of Beauty,£10.29,Four
NaNo What Now? Finding your editing process, revising your NaNoWriMo book and building a writing career through publishing and beyond,£10.41,Four
I Am Pilgrim (Pilgrim #1),£10.6,Four
Green Eggs and Ham (Beginner Books B-16),£10.79,Four
The Power Greens Cookbook: 140 Delicious Superfood Recipes,£11.05,Five
Dear Mr. Knightley,£11.21,Five
City of Fallen Angels (The Mortal Instruments #4),£11.23,Four
The Darkest Corners,£11.33,Five
Naturally Lean: 125 Nourishing Gluten-Free, Plant-Based Recipes--All Under 300 Calories,£11.38,Five
Fruits Basket, Vol. 2 (Fruits Basket #2),£11.64,Five
The Sleep Revolution: Transforming Your Life, One Night at a Time,£11.68,Four
Old School (Diary of a Wimpy Kid #10),£11.83,Five
Superman Vol. 1: Before Truth (Superman by Gene Luen Yang #1),£11.89,Five
Every Heart a Doorway (Every Heart A Doorway #1),£12.16,Five
The Girl You Lost,£12.29,Five
The Moosewood Cookbook: Recipes from Moosewood Restaurant, Ithaca, New York,£12.34,Four
The Silent Wife,£12.34,Five
Agnostic: A Spirited Manifesto,£12.51,Five
The Third Wave: An Entrepreneur’s Vision of the Future,£12.61,Five
Night Shift (Night Shift #1-20),£12.75,Four
New Moon (Twilight #2),£12.86,Four
Running with Scissors,£12.91,Four
Walt Disney's Alice in Wonderland,£12.96,Five
The Elegant Universe: Superstrings, Hidden Dimensions, and the Quest for the Ultimate Theory,£13.03,Four
Life of Pi,£13.22,Four
Princess Between Worlds (Wide-Awake Princess #5),£13.34,Five
Princess Jellyfish 2-in-1 Omnibus, Vol. 01 (Princess Jellyfish 2-in-1 Omnibus #1),£13.61,Five
Some Women,£13.73,Five
Mama Tried: Traditional Italian Cooking for the Screwed, Crude, Vegan, and Tattooed,£14.02,Four
A Visit from the Goon Squad,£14.08,Five
Roller Girl,£14.1,Five
Poems That Make Grown Women Cry,£14.19,Four
Untitled Collection: Sabbath Poems 2014,£14.27,Four
Eight Hundred Grapes,£14.39,Four
The Epidemic (The Program 0.6),£14.44,Five
Scarlet (The Lunar Chronicles #2),£14.57,Four
Hyperbole and a Half: Unfortunate Situations, Flawed Coping Mechanisms, Mayhem, and Other Things That Happened,£14.75,Five
A Gentleman's Position (Society of Gentlemen #3),£14.75,Five
Far & Away: Places on the Brink of Change: Seven Continents, Twenty-Five Years,£15.06,Four
The Secret Garden,£15.08,Four
Disrupted: My Misadventure in the Start-Up Bubble,£15.28,Five
Fifty Shades Freed (Fifty Shades #3),£15.36,Five
Batman: The Dark Knight Returns (Batman),£15.38,Five
The Collected Poems of W.B. Yeats (The Collected Works of W.B. Yeats #1),£15.42,Five
Outcast, Vol. 1: A Darkness Surrounds Him (Outcast #1),£15.44,Four
Kill the Boy Band,£15.52,Five
One with You (Crossfire #5),£15.71,Four
Sophie's World,£15.94,Five
First and First (Five Boroughs #3),£15.97,Four
Shiver (The Wolves of Mercy Falls #1),£16.23,Five
Something More Than This,£16.24,Four
Lady Midnight (The Dark Artifices #1),£16.28,Five
The Gunning of America: Business and the Making of American Gun Culture,£16.81,Four
Mother, Can You Not?,£16.89,Five
A Spy's Devotion (The Regency Spies of London #1),£16.97,Five
Camp Midnight,£17.08,Four
A Feast for Crows (A Song of Ice and Fire #4),£17.21,Four
Thirst,£17.27,Five
The Stranger,£17.44,Four
Set Me Free,£17.46,Five
Booked,£17.49,Five
The Four Agreements: A Practical Guide to Personal Freedom,£17.66,Five
The Hobbit (Middle-Earth Universe),£17.8,Five
Counted With the Stars (Out from Egypt #1),£17.97,Five
Y: The Last Man, Vol. 1: Unmanned (Y: The Last Man #1),£18.51,Four
Ready Player One,£19.07,Four
The Edge of Reason (Bridget Jones #2),£19.18,Four
Dark Notes,£19.19,Five
Pride and Prejudice,£19.27,Four
This One Summer,£19.49,Four
Outlander (Outlander #1),£19.67,Five
The Zombie Room,£19.69,Five
No One Here Gets Out Alive,£20.02,Five
Everyday Italian: 125 Simple and Delicious Recipes,£20.1,Five
Team of Rivals: The Political Genius of Abraham Lincoln,£20.12,Five
John Vassos: Industrial Design for Modern Life,£20.22,Four
Cell,£20.29,Four
Mockingjay (The Hunger Games #3),£20.44,Four
Keep Me Posted,£20.46,Four
Redeeming Love,£20.47,Five
The Inefficiency Assassin: Time Management Tactics for Working Smarter, Not Longer,£20.59,Five
Shakespeare's Sonnets,£20.66,Four
Between Shades of Gray,£20.79,Five
Adultery,£20.88,Five
Delivering the Truth (Quaker Midwife Mystery #1),£20.89,Four
Fruits Basket, Vol. 6 (Fruits Basket #6),£20.96,Four
Voyager (Outlander #3),£21.07,Five
Fire Bound (Sea Haven/Sisters of the Heart #5),£21.28,Four
Arena,£21.36,Four
Beautiful Creatures (Caster Chronicles #1),£21.55,Five
Saga, Volume 3 (Saga (Collected Editions) #3),£21.57,Five
Born for This: How to Find the Work You Were Meant to Do,£21.59,Five
Paper Girls, Vol. 1 (Paper Girls #1-5),£21.71,Four
Shadow Rites (Jane Yellowrock #10),£21.72,Four
Blink: The Power of Thinking Without Thinking,£21.74,Five
You Are What You Love: The Spiritual Power of Habit,£21.87,Four
Hystopia: A Novel,£21.96,Four
In the Country We Love: My Family Divided,£22.0,Four
Ash,£22.06,Four
Code Name Verity (Code Name Verity #1),£22.13,Four
The End of Faith: Religion, Terror, and the Future of Reason,£22.13,Four
The Boys in the Boat: Nine Americans and Their Epic Quest for Gold at the 1936 Berlin Olympics,£22.6,Four
The Silkworm (Cormoran Strike #2),£23.05,Five
#HigherSelfie: Wake Up Your Life. Free Your Soul. Find Your Tribe.,£23.11,Five
Lola and the Boy Next Door (Anna and the French Kiss #2),£23.63,Four
The Elephant Tree,£23.82,Five
The Mindfulness and Acceptance Workbook for Anxiety: A Guide to Breaking Free from Anxiety, Phobias, and Worry Using Acceptance and Commitment Therapy,£23.89,Four
Dark Places,£23.9,Five
Harry Potter and the Prisoner of Azkaban (Harry Potter #3),£24.17,Four
The Mysterious Affair at Styles (Hercule Poirot #1),£24.8,Four
Mexican Today: New and Rediscovered Recipes for Contemporary Kitchens,£24.91,Five
Talking to Girls About Duran Duran: One Young Man's Quest for True Love and a Cooler Haircut,£25.15,Four
Chase Me (Paris Nights #2),£25.27,Five
What Happened on Beale Street (Secrets of the South Mysteries #2),£25.37,Five
The White Queen (The Cousins' War #1),£25.91,Five
I Know What I'm Doing -- and Other Lies I Tell Myself: Dispatches from a Life Under Construction,£25.98,Four
1,000 Places to See Before You Die,£26.08,Five
The Nightingale,£26.26,Four
The Day the Crayons Came Home (Crayons),£26.33,Five
Atlas Shrugged,£26.58,Five
Gratitude,£26.66,Five
The Complete Stories and Poems (The Works of Edgar Allan Poe [Cameo Edition]),£26.78,Four
Let It Out: A Journey Through Journaling,£26.79,Five
The Secret (The Secret #1),£27.37,Four
Lost Among the Living,£27.7,Four
The Time Keeper,£27.88,Five
The Haters,£27.89,Five
Little Women (Little Women #1),£28.07,Four
The Marriage of Opposites,£28.08,Four
A Fierce and Subtle Poison,£28.13,Four
Modern Romance,£28.26,Five
The Passion of Dolssa,£28.32,Five
Choosing Our Religion: The Spiritual Lives of America's Nones,£28.42,Four
The Midnight Assassin: Panic, Scandal, and the Hunt for America's First Serial Killer,£28.45,Four
Les Fleurs du Mal,£29.04,Five
Call the Nurse: True Stories of a Country Nurse on a Scottish Isle,£29.14,Five
Looking for Lovely: Collecting the Moments that Matter,£29.14,Five
The Land of 10,000 Madonnas,£29.64,Four
The Hunger Games (The Hunger Games #1),£29.85,Five
All the Light We Cannot See,£29.87,Five
At The Existentialist Café: Freedom, Being, and apricot cocktails with: Jean-Paul Sartre, Simone de Beauvoir, Albert Camus, Martin Heidegger, Edmund Husserl, Karl Jaspers, Maurice Merleau-Ponty and others,£29.93,Five
Frostbite (Vampire Academy #2),£29.99,Five
God: The Most Unpleasant Character in All Fiction,£30.03,Five
Mrs. Houdini,£30.25,Five
A Walk in the Woods: Rediscovering America on the Appalachian Trail,£30.48,Four
Seven Brief Lessons on Physics,£30.6,Four
When You Are Engulfed in Flames,£30.89,Five
Twenty Love Poems and a Song of Despair,£30.95,Four
Please Kill Me: The Uncensored Oral History of Punk,£31.19,Four
Killing Floor (Jack Reacher #1),£31.49,Four
Life,£31.58,Five
My Mother Was Nuts,£31.63,Four
Harry Potter and the Order of the Phoenix (Harry Potter #5),£31.63,Four
The Activist's Tao Te Ching: Ancient Advice for a Modern Revolution,£32.24,Five
The Star-Touched Queen,£32.3,Five
World Without End (The Pillars of the Earth #2),£32.97,Four
The 7 Habits of Highly Effective People: Powerful Lessons in Personal Change,£33.17,Four
The Dirty Little Secrets of Getting Your Dream Job,£33.34,Four
The Art of War,£33.34,Five
Fruits Basket, Vol. 9 (Fruits Basket #9),£33.95,Four
Blue Lily, Lily Blue (The Raven Cycle #3),£34.13,Five
Siddhartha,£34.22,Five
Black Dust,£34.53,Five
Bleach, Vol. 1: Strawberry and the Soul Reapers (Bleach #1),£34.65,Five
Imperfect Harmony,£34.74,Four
Drive: The Surprising Truth About What Motivates Us,£34.95,Four
Having the Barbarian's Baby (Ice Planet Barbarians #7.5),£34.96,Four
Rip it Up and Start Again,£35.02,Five
Breaking Dawn (Twilight #4),£35.28,Five
The Darkest Lie,£35.35,Five
So Cute It Hurts!!, Vol. 6 (So Cute It Hurts!! #6),£35.43,Four
Dracula the Un-Dead,£35.63,Five
The Red Tent,£35.66,Five
Join,£35.67,Five
The Whale,£35.96,Four
The Great Gatsby,£36.05,Four
The Hook Up (Game On #1),£36.29,Five
My Life Next Door (My Life Next Door ),£36.39,Five
Codename Baboushka, Volume 1: The Conclave of Death,£36.72,Four
Annie on My Mind,£36.83,Five
Psycho: Sanitarium (Psycho #1.5),£36.97,Five
Good in Bed (Cannie Shapiro #1),£37.05,Five
V for Vendetta (V for Vendetta Complete),£37.1,Four
Bounty (Colorado Mountain #7),£37.26,Four
The Nerdy Nummies Cookbook: Sweet Treats for the Geek in All of Us,£37.34,Five
Wonder Woman: Earth One, Volume One (Wonder Woman: Earth One #1),£37.34,Four
The Song of Achilles,£37.4,Five
Demigods & Magicians: Percy and Annabeth Meet the Kanes (Percy Jackson & Kane Chronicles Crossover #1-3),£37.51,Five
Death by Leisure: A Cautionary Tale,£37.51,Four
Gone Girl,£37.6,Five
Done Rubbed Out (Reightman & Bailey #1),£37.72,Five
Buying In: The Secret Dialogue Between What We Buy and Who We Are,£37.8,Four
Rook,£37.86,Four
If I Stay (If I Stay #1),£38.13,Five
The Nameless City (The Nameless City #1),£38.16,Four
Whole Lotta Creativity Going On: 60 Fun and Unusual Exercises to Awaken and Strengthen Your Creativity,£38.2,Four
Jane Eyre,£38.43,Five
The Artist's Way: A Spiritual Path to Higher Creativity,£38.49,Five
The Crossover,£38.77,Four
Made to Stick: Why Some Ideas Survive and Others Die,£38.85,Five
Smarter Faster Better: The Secrets of Being Productive in Life and Business,£38.89,Five
A Paris Apartment,£39.01,Four
Bright Lines,£39.07,Five
Dead Wake: The Last Crossing of the Lusitania,£39.24,Five
Ms. Marvel, Vol. 1: No Normal (Ms. Marvel (2014-2015) #1),£39.39,Four
Off Sides (Off #1),£39.45,Five
Steve Jobs,£39.5,Five
Ways of Seeing,£39.51,Five
King's Folly (The Kinsman Chronicles #1),£39.61,Five
Shadows of the Past (Logan Point #1),£39.67,Five
Sister Dear,£40.2,Four
Fruits Basket, Vol. 1 (Fruits Basket #1),£40.28,Five
Worlds Elsewhere: Journeys Around Shakespeare’s Globe,£40.3,Five
Deception Point,£40.32,Four
Icing (Aces Hockey #2),£40.44,Four
Dirty (Dive Bar #1),£40.83,Four
The Art of Not Breathing,£40.83,Four
Inferno (Robert Langdon #4),£41.0,Five
The Story of Art,£41.14,Four
The Complete Poems,£41.32,Five
While You Were Mine,£41.32,Five
Furiously Happy: A Funny Book About Horrible Things,£41.46,Four
The Tumor,£41.56,Five
Fables, Vol. 1: Legends in Exile (Fables #1),£41.62,Four
Rise of the Rocket Girls: The Women Who Propelled Us, from Missiles to the Moon to Mars,£41.67,Four
Where She Went (If I Stay #2),£41.73,Four
The Kite Runner,£41.82,Four
Spark Joy: An Illustrated Master Class on the Art of Organizing and Tidying Up,£41.83,Four
The Vacationers,£42.15,Four
Golden (Heart of Dread #3),£42.21,Four
The Bourne Identity (Jason Bourne #1),£42.78,Four
The Mathews Men: Seven Brothers and the War Against Hitler's U-boats,£42.91,Five
The Most Perfect Thing: Inside (and Outside) a Bird's Egg,£42.96,Four
The Story of Hong Gildong,£43.19,Four
The Joy of Cooking,£43.27,Four
William Shakespeare's Star Wars: Verily, A New Hope (William Shakespeare's Star Wars #4),£43.3,Four
Scarlett Epstein Hates It Here,£43.55,Five
The Lonely Ones,£43.59,Five
You (You #1),£43.61,Five
The Unlikely Pilgrimage of Harold Fry (Harold Fry #1),£43.62,Five
Legend (Legend #1),£43.69,Four
The New Brand You: Your New Image Makes the Sale for You,£44.05,Five
Heir to the Sky,£44.07,Four
The Murder of Roger Ackroyd (Hercule Poirot #4),£44.1,Four
Wall and Piece,£44.18,Four
Unseen City: The Majesty of Pigeons, the Discreet Charm of Snails & Other Wonders of the Urban Wilderness,£44.18,Four
The Songs of the Gods,£44.48,Five
"Most Blessed of the Patriarchs": Thomas Jefferson and the Empire of the Imagination,£44.48,Five
The Bane Chronicles (The Bane Chronicles #1-11),£44.73,Four
Sorting the Beef from the Bull: The Science of Food Fraud Forensics,£44.74,Four
A Gathering of Shadows (Shades of Magic #2),£44.81,Four
The Book of Basketball: The NBA According to The Sports Guy,£44.84,Five
Kill 'Em and Leave: Searching for James Brown and the American Soul,£45.05,Five
The Undomestic Goddess,£45.75,Four
How to Cook Everything Vegetarian: Simple Meatless Recipes for Great Food (How to Cook Everything),£46.01,Four
The Star-Touched Queen,£46.02,Five
The Beast (Black Dagger Brotherhood #14),£46.08,Five
The Silent Sister (Riley MacPherson #1),£46.29,Five
How to Stop Worrying and Start Living,£46.49,Five
salt.,£46.78,Four
Anonymous,£46.82,Four
Living Leadership by Insight: A Good Leader Achieves, a Great Leader Builds Monuments,£46.91,Four
Rat Queens, Vol. 1: Sass & Sorcery (Rat Queens (Collected Editions) #1-5),£46.96,Five
Deep Under (Walker Security #1),£47.09,Five
Will Grayson, Will Grayson (Will Grayson, Will Grayson),£47.31,Four
Needful Things,£47.51,Four
Private Paris (Private #10),£47.61,Five
Sharp Objects,£47.82,Four
Isla and the Happily Ever After (Anna and the French Kiss #3),£48.13,Five
Without Shame,£48.27,Five
A Time of Torment (Charlie Parker #14),£48.35,Five
Shopaholic Ties the Knot (Shopaholic #3),£48.39,Five
Grey (Fifty Shades #4),£48.49,Four
Library of Souls (Miss Peregrine’s Peculiar Children #3),£48.56,Five
Art and Fear: Observations on the Perils (and Rewards) of Artmaking,£48.63,Four
Harry Potter and the Half-Blood Prince (Harry Potter #6),£48.75,Five
Something Borrowed (Darcy & Rachel #1),£48.96,Five
Crazy Rich Asians (Crazy Rich Asians #1),£49.13,Five
Brain on Fire: My Month of Madness,£49.32,Five
Full Moon over Noah’s Ark: An Odyssey to Mount Ararat and Beyond,£49.43,Four
Paper and Fire (The Great Library #2),£49.45,Five
Close to You,£49.46,Four
'Salem's Lot,£49.56,Four
Raspberry Pi Electronics Projects for the Evil Genius,£49.67,Four
10-Day Green Smoothie Cleanse: Lose Up to 15 Pounds in 10 Days!,£49.71,Five
If I Run (If I Run #1),£49.97,Four
In Cold Blood,£49.98,Four
We Love You, Charlie Freeman,£50.27,Five
Nightstruck: A Novel,£50.35,Four
Fruits Basket, Vol. 4 (Fruits Basket #4),£50.44,Four
Amatus,£50.54,Five
Barefoot Contessa at Home: Everyday Recipes You'll Make Over and Over Again,£50.62,Five
Quarter Life Poetry: Poems for the Young, Broke and Hangry,£50.89,Five
Leave This Song Behind: Teen Poetry at Its Best,£51.17,Five
Brave Enough,£51.32,Five
Exit, Pursued by a Bear,£51.34,Four
The Regional Office Is Under Attack!,£51.36,Five
Eaternity: More than 150 Deliciously Easy Vegan Recipes for a Long, Healthy, Satisfied, Joyful Life,£51.75,Five
Danganronpa Volume 1,£51.99,Four
Behind Closed Doors,£52.22,Four
The Demon-Haunted World: Science as a Candle in the Dark,£52.25,Four
Scott Pilgrim's Precious Little Life (Scott Pilgrim #1),£52.29,Five
The Bachelor Girl's Guide to Murder (Herringford and Watts Mysteries #1),£52.3,Five
Vogue Colors A to Z: A Fashion Coloring Book,£52.35,Four
A Short History of Nearly Everything,£52.4,Five
The Husband's Secret,£52.51,Five
The Nanny Diaries (Nanny #1),£52.53,Five
Why the Right Went Wrong: Conservatism--From Goldwater to the Tea Party and Beyond,£52.65,Four
The Testament of Mary,£52.67,Four
Someone Like You (The Harrisons #2),£52.79,Five
Diary of a Minecraft Zombie Book 1: A Scare of a Dare (An Unofficial Minecraft Book),£52.88,Four
The Art and Science of Low Carbohydrate Living,£52.98,Five
Lady Renegades (Rebel Belle #3),£53.04,Five
Finders Keepers (Bill Hodges Trilogy #2),£53.53,Five
Out of Print: City Lights Spotlight No. 14,£53.64,Five
What If?: Serious Scientific Answers to Absurd Hypothetical Questions,£53.68,Four
The Blind Side: Evolution of a Game,£53.71,Five
(Un)Qualified: How God Uses Broken People to Do Big Things,£54.0,Five
Sapiens: A Brief History of Humankind,£54.23,Five
A Heartbreaking Work of Staggering Genius,£54.29,Five
Murder at the 42nd Street Library (Raymond Ambler #1),£54.36,Four
Eureka Trivia 6.0,£54.59,Four
No Love Allowed (Dodge Cove #1),£54.65,Four
Suzie Snowflake: One beautiful flake (a self-esteem story),£54.81,Five
Being Mortal: Medicine and What Matters in the End,£55.06,Four
Lamb: The Gospel According to Biff, Christ's Childhood Pal,£55.5,Five
A Flight of Arrows (The Pathfinders #2),£55.53,Five
The Sandman, Vol. 3: Dream Country (The Sandman (volumes) #3),£55.55,Five
Future Shock (Future Shock #1),£55.65,Five
A New Earth: Awakening to Your Life's Purpose,£55.65,Five
Shtum,£55.84,Four
The Hiding Place,£55.91,Four
The False Prince (The Ascendance Trilogy #1),£56.0,Five
City of Glass (The Mortal Instruments #3),£56.02,Four
Abstract City,£56.37,Five
The Past Never Ends,£56.5,Four
Eleanor & Park,£56.51,Five
Fun Home: A Family Tragicomic,£56.59,Four
Into the Wild,£56.7,Five
A Piece of Sky, a Grain of Rice: A Memoir in Four Meditations,£56.76,Five
Giant Days, Vol. 1 (Giant Days #1-4),£56.76,Four
The Wright Brothers,£56.8,Four
A Year in Provence (Provence #1),£56.88,Four
Between the World and Me,£56.91,Four
Ajin: Demi-Human, Volume 1 (Ajin: Demi-Human #1),£57.06,Four
Kitchens of the Great Midwest,£57.2,Five
The Disappearing Spoon: And Other True Tales of Madness, Love, and the History of the World from the Periodic Table of the Elements,£57.35,Five
Immunity: How Elie Metchnikoff Changed the Course of Modern Medicine,£57.36,Five
I Had a Nice Time And Other Lies...: How to find love & sh*t like that,£57.36,Four
H is for Hawk,£57.42,Five
John Adams,£57.43,Four
El Deafo,£57.62,Five
The No. 1 Ladies' Detective Agency (No. 1 Ladies' Detective Agency #1),£57.7,Four
The Raven Boys (The Raven Cycle #1),£57.74,Four
Travels with Charley: In Search of America,£57.82,Five
The Sound Of Love,£57.84,Five
Digital Fortress,£58.0,Five
Watchmen,£58.05,Four
The White Cat and the Monk: A Retelling of the Poem “Pangur Bán”,£58.08,Four
The Death of Humanity: and the Case for Life,£58.11,Four
Aristotle and Dante Discover the Secrets of the Universe (Aristotle and Dante Discover the Secrets of the Universe #1),£58.14,Four
How to Speak Golf: An Illustrated Guide to Links Lingo,£58.32,Five
Catherine the Great: Portrait of a Woman,£58.55,Four
Alight (The Generations Trilogy #2),£58.59,Four
The Rose & the Dagger (The Wrath and the Dawn #2),£58.64,Four
Myriad (Prentor #1),£58.75,Four
Approval Junkie: Adventures in Caring Too Much,£58.81,Five
Unlimited Intuition Now,£58.87,Four
Life Without a Recipe,£59.04,Five
The Gray Rhino: How to Recognize and Act on the Obvious Dangers We Ignore,£59.15,Four
The Man Who Mistook His Wife for a Hat and Other Clinical Tales,£59.45,Four
The Barefoot Contessa Cookbook,£59.92,Five
